aid;company;keyword_list;language;seperator
1050-steel grey-5XL;0;"T-Shirts;Shirts;tshirts;Trägershirts;mann;männer";de;,
1050-steel grey-L;0;"T-Shirts;Shirts;tshirts;Trägershirts;mann;männer";de;,
1050-steel grey-M;0;"T-Shirts;Shirts;tshirts;Trägershirts;mann;männer";de;,
1050-steel grey-S;0;"T-Shirts;Shirts;tshirts;Trägershirts;mann;männer";de;,
1050-steel grey-XL;0;"T-Shirts;Shirts;tshirts;Trägershirts;mann;männer";de;,
1050-steel grey-XXL;0;"T-Shirts;Shirts;tshirts;Trägershirts;mann;männer";de;,
1050-steel grey-XXXL;0;"T-Shirts;Shirts;tshirts;Trägershirts;mann;männer";de;,
1050-steel grey-4XL;0;"T-Shirts;Shirts;tshirts;Trägershirts;mann;männer";de;,
1400-berry-XXL;0;;de;,
1400-steel grey-XS;0;;de;,
1400-steel grey-XXL;0;;de;,
1400-steel grey-XXXL;0;;de;,
1400-steel grey-L;0;;de;,
1400-steel grey-S;0;;de;,
1400-steel grey-XL;0;;de;,
1400-berry-XXXL;0;;de;,
1400-berry-XS;0;;de;,
1400-berry-XL;0;;de;,
1400-berry-S;0;;de;,
1400-berry-M;0;;de;,
1400-berry-L;0;;de;,
1400-steel grey-M;0;;de;,
1410-steel grey-XXXL;0;;de;,
1410-steel grey-XXL;0;;de;,
1410-steel grey-XS;0;;de;,
1410-steel grey-XL;0;;de;,
1410-steel grey-S;0;;de;,
1410-steel grey-M;0;;de;,
1410-steel grey-L;0;;de;,
1425-berry-M;0;;de;,
1425-steel grey-XL;0;;de;,
1425-berry-L;0;;de;,
1425-steel grey-XS;0;;de;,
1425-steel grey-XXXL;0;;de;,
1425-steel grey-M;0;;de;,
1425-steel grey-XXL;0;;de;,
1425-berry-XL;0;;de;,
1425-steel grey-S;0;;de;,
1425-berry-S;0;;de;,
1425-steel grey-L;0;;de;,
1425-berry-XXXL;0;;de;,
1425-berry-XXL;0;;de;,
1425-berry-XS;0;;de;,
1450-berry-L;0;;de;,
1450-berry-M;0;;de;,
1450-berry-XL;0;;de;,
1450-berry-XXL;0;;de;,
1450-berry-XXXL;0;;de;,
1450-berry-S;0;;de;,
1450-berry-XS;0;;de;,
1451-berry-S;0;;de;,
1451-berry-XXXL;0;;de;,
1451-berry-XXL;0;;de;,
1451-berry-L;0;;de;,
1451-berry-M;0;;de;,
1451-berry-XL;0;;de;,
1451-berry-XS;0;;de;,
1460-steel grey-XXXL;0;;de;,
1460-steel grey-S;0;;de;,
1460-steel grey-M;0;;de;,
1460-steel grey-XS;0;;de;,
1460-steel grey-XXL;0;;de;,
1460-steel grey-XL;0;;de;,
1460-steel grey-L;0;;de;,
1465-berry-XL;0;;de;,
1465-berry-XXXL;0;;de;,
1465-berry-XXL;0;;de;,
1465-berry-XS;0;;de;,
1465-berry-M;0;;de;,
1465-berry-S;0;;de;,
1465-berry-L;0;;de;,
1505-berry-XXXL;0;;de;,
1505-berry-XXL;0;;de;,
1505-steel grey-L;0;;de;,
1505-steel grey-XXL;0;;de;,
1505-steel grey-XL;0;;de;,
1505-berry-XS;0;;de;,
1505-steel grey-S;0;;de;,
1505-steel grey-M;0;;de;,
1505-steel grey-XXXL;0;;de;,
1505-berry-S;0;;de;,
1505-berry-M;0;;de;,
1505-berry-L;0;;de;,
1505-steel grey-XS;0;;de;,
1505-berry-XL;0;;de;,
1515-steel grey-L;0;;de;,
1515-steel grey-XXXL;0;;de;,
1515-steel grey-XXL;0;;de;,
1515-steel grey-XS;0;;de;,
1515-steel grey-XL;0;;de;,
1515-steel grey-S;0;;de;,
1515-steel grey-M;0;;de;,
1525-berry-XXL;0;;de;,
1525-steel grey-M;0;;de;,
1525-berry-XS;0;;de;,
1525-steel grey-S;0;;de;,
1525-steel grey-XL;0;;de;,
1525-steel grey-XS;0;;de;,
1525-steel grey-XXL;0;;de;,
1525-steel grey-XXXL;0;;de;,
1525-steel grey-L;0;;de;,
1525-berry-S;0;;de;,
1525-berry-M;0;;de;,
1525-berry-L;0;;de;,
1525-berry-XL;0;;de;,
1525-berry-XXXL;0;;de;,
1545-berry-L;0;;de;,
1545-steel grey-XXL;0;;de;,
1545-steel grey-XS;0;;de;,
1545-steel grey-XL;0;;de;,
1545-steel grey-S;0;;de;,
1545-steel grey-M;0;;de;,
1545-steel grey-L;0;;de;,
1545-berry-XXXL;0;;de;,
1545-berry-XXL;0;;de;,
1545-berry-XS;0;;de;,
1545-berry-XL;0;;de;,
1545-berry-M;0;;de;,
1545-steel grey-XXXL;0;;de;,
1545-berry-S;0;;de;,
1560-steel grey-L;0;;de;,
1560-steel grey-M;0;;de;,
1560-steel grey-XXXL;0;;de;,
1560-steel grey-XXL;0;;de;,
1560-steel grey-XS;0;;de;,
1560-steel grey-XL;0;;de;,
1560-steel grey-S;0;;de;,
1565-berry-L;0;;de;,
1565-berry-M;0;;de;,
1565-berry-S;0;;de;,
1565-berry-XL;0;;de;,
1565-berry-XS;0;;de;,
1565-berry-XXL;0;;de;,
1565-berry-XXXL;0;;de;,
1600-berry-M;0;;de;,
1600-berry-XXXL;0;;de;,
1600-berry-XXL;0;;de;,
1600-berry-XS;0;;de;,
1600-berry-S;0;;de;,
1600-berry-L;0;;de;,
1600-berry-XL;0;;de;,
1650-new light grey-L;0;;de;,
1650-fire red-M;0;;de;,
1650-fire red-S;0;;de;,
1650-fire red-XL;0;;de;,
1650-fire red-XS;0;;de;,
1650-fire red-XXL;0;;de;,
1650-fire red-XXXL;0;;de;,
1650-new light grey-5XL;0;;de;,
1650-new light grey-S;0;;de;,
1650-new light grey-M;0;;de;,
1650-new light grey-XXXL;0;;de;,
1650-new light grey-XXL;0;;de;,
1650-new light grey-XS;0;;de;,
1650-fire red-L;0;;de;,
1650-new light grey-XL;0;;de;,
1650-charcoal-XXXL;0;;de;,
1650-new light grey-4XL;0;;de;,
1650-charcoal-L;0;;de;,
1650-fire red-5XL;0;;de;,
1650-charcoal-5XL;0;;de;,
1650-charcoal-M;0;;de;,
1650-charcoal-S;0;;de;,
1650-charcoal-XL;0;;de;,
1650-charcoal-XS;0;;de;,
1650-charcoal-XXL;0;;de;,
1650-fire red-4XL;0;;de;,
1650-charcoal-4XL;0;;de;,
1680-new light grey-XS;0;;de;,
1680-charcoal-XXL;0;;de;,
1680-fire red-XL;0;;de;,
1680-fire red-XS;0;;de;,
1680-fire red-4XL;0;;de;,
1680-fire red-5XL;0;;de;,
1680-fire red-L;0;;de;,
1680-fire red-M;0;;de;,
1680-fire red-S;0;;de;,
1680-new light grey-4XL;0;;de;,
1680-new light grey-5XL;0;;de;,
1680-new light grey-L;0;;de;,
1680-new light grey-M;0;;de;,
1680-new light grey-XXL;0;;de;,
1680-charcoal-XL;0;;de;,
1680-new light grey-XL;0;;de;,
1680-new light grey-S;0;;de;,
1680-charcoal-XS;0;;de;,
1680-new light grey-XXXL;0;;de;,
1680-berry-XL;0;;de;,
1680-charcoal-S;0;;de;,
1680-fire red-XXXL;0;;de;,
1680-fire red-XXL;0;;de;,
1680-berry-4XL;0;;de;,
1680-berry-5XL;0;;de;,
1680-berry-L;0;;de;,
1680-berry-S;0;;de;,
1680-berry-XS;0;;de;,
1680-berry-XXL;0;;de;,
1680-berry-XXXL;0;;de;,
1680-charcoal-4XL;0;;de;,
1680-charcoal-5XL;0;;de;,
1680-charcoal-L;0;;de;,
1680-charcoal-XXXL;0;;de;,
1680-charcoal-M;0;;de;,
1680-berry-M;0;;de;,
1699-steel grey-XS;0;;de;,
1699-steel grey-XL;0;;de;,
1699-steel grey-XXL;0;;de;,
1699-steel grey-L;0;;de;,
1699-steel grey-S;0;;de;,
1699-steel grey-M;0;;de;,
1699-steel grey-XXXL;0;;de;,
1700-olive / OL-L;0;;de;,
1700-berry-XXXL;0;;de;,
1700-berry-XXL;0;;de;,
1700-berry-XS;0;;de;,
1700-olive / OL-S;0;;de;,
1700-berry-S;0;;de;,
1700-berry-M;0;;de;,
1700-berry-L;0;;de;,
1700-berry-XL;0;;de;,
1700-olive / OL-M;0;;de;,
1751-fire red-XXL;0;;de;,
1751-fire red-XXXL;0;;de;,
1751-new light grey-L;0;;de;,
1751-new light grey-M;0;;de;,
1751-new light grey-S;0;;de;,
1751-new light grey-XS;0;;de;,
1751-new light grey-XXL;0;;de;,
1751-fire red-XS;0;;de;,
1751-new light grey-XXXL;0;;de;,
1751-new light grey-XL;0;;de;,
1751-charcoal-XL;0;;de;,
1751-charcoal-M;0;;de;,
1751-fire red-XL;0;;de;,
1751-charcoal-S;0;;de;,
1751-charcoal-XS;0;;de;,
1751-charcoal-XXL;0;;de;,
1751-charcoal-XXXL;0;;de;,
1751-fire red-L;0;;de;,
1751-fire red-M;0;;de;,
1751-fire red-S;0;;de;,
1751-charcoal-L;0;;de;,
1781-new light grey-XL;0;;de;,
1781-fire red-XXL;0;;de;,
1781-fire red-M;0;;de;,
1781-fire red-S;0;;de;,
1781-fire red-XL;0;;de;,
1781-fire red-XS;0;;de;,
1781-fire red-XXXL;0;;de;,
1781-new light grey-L;0;;de;,
1781-new light grey-M;0;;de;,
1781-new light grey-S;0;;de;,
1781-new light grey-XXXL;0;;de;,
1781-fire red-L;0;;de;,
1781-new light grey-XS;0;;de;,
1781-berry-S;0;;de;,
1781-new light grey-XXL;0;;de;,
1781-charcoal-XXXL;0;;de;,
1781-berry-L;0;;de;,
1781-berry-XL;0;;de;,
1781-berry-XS;0;;de;,
1781-berry-XXL;0;;de;,
1781-charcoal-L;0;;de;,
1781-charcoal-M;0;;de;,
1781-charcoal-S;0;;de;,
1781-charcoal-XL;0;;de;,
1781-charcoal-XXL;0;;de;,
1781-charcoal-XS;0;;de;,
1781-berry-XXXL;0;;de;,
1781-berry-M;0;;de;,
1790-steel grey-M;0;;de;,
1790-steel grey-XXXL;0;;de;,
1790-steel grey-XXL;0;;de;,
1790-steel grey-XS;0;;de;,
1790-steel grey-S;0;;de;,
1790-steel grey-L;0;;de;,
1790-steel grey-XL;0;;de;,
3011-white-XL;0;"T-Shirts;Shirts;organic;tshirts;mann;männer;bio";de;,
3011-white-L;0;"T-Shirts;Shirts;organic;tshirts;mann;männer;bio";de;,
3011-white-XXXL;0;"T-Shirts;Shirts;organic;tshirts;mann;männer;bio";de;,
3011-white-XXL;0;"T-Shirts;Shirts;organic;tshirts;mann;männer;bio";de;,
3011-white-XS;0;"T-Shirts;Shirts;organic;tshirts;mann;männer;bio";de;,
3011-white-M;0;"T-Shirts;Shirts;organic;tshirts;mann;männer;bio";de;,
3011-white-4XL;0;"T-Shirts;Shirts;organic;tshirts;mann;männer;bio";de;,
3011-white-5XL;0;"T-Shirts;Shirts;organic;tshirts;mann;männer;bio";de;,
3011-white-S;0;"T-Shirts;Shirts;organic;tshirts;mann;männer;bio";de;,
3075-steel grey-M;0;;de;,
3075-steel grey-XXXL;0;;de;,
3075-steel grey-XXL;0;;de;,
3075-steel grey-S;0;;de;,
3075-steel grey-L;0;;de;,
3075-royal-XXXL;0;;de;,
3075-royal-XXL;0;;de;,
3075-royal-XL;0;;de;,
3075-royal-S;0;;de;,
3075-royal-M;0;;de;,
3075-royal-L;0;;de;,
3075-steel grey-XL;0;;de;,
3077-steel grey-5XL;0;;de;,
3077-royal-XXL;0;;de;,
3077-steel grey-XXXL;0;;de;,
3077-steel grey-XXL;0;;de;,
3077-steel grey-XL;0;;de;,
3077-steel grey-S;0;;de;,
3077-steel grey-M;0;;de;,
3077-steel grey-L;0;;de;,
3077-royal-XXXL;0;;de;,
3077-steel grey-4XL;0;;de;,
3077-royal-XL;0;;de;,
3077-royal-S;0;;de;,
3077-royal-M;0;;de;,
3077-royal-L;0;;de;,
3077-royal-5XL;0;;de;,
3077-royal-4XL;0;;de;,
3084-steel grey-L;0;;de;,
3084-steel grey-S;0;;de;,
3084-berry-S;0;;de;,
3084-berry-L;0;;de;,
3088-steel grey-One Size;0;"mütze;beanie;kopfbedeckung";de;,
3089-steel grey-One Size;0;"scarf;schal";de;,
3100-graphite-S;0;"T-Shirts;Shirts;unisex;tshirts;mann;männer";de;,
3100-light blue-XXL;0;"T-Shirts;Shirts;unisex;tshirts;mann;männer";de;,
3100-light blue-XS;0;"T-Shirts;Shirts;unisex;tshirts;mann;männer";de;,
3100-light blue-XL;0;"T-Shirts;Shirts;unisex;tshirts;mann;männer";de;,
3100-light blue-XXXL;0;"T-Shirts;Shirts;unisex;tshirts;mann;männer";de;,
3100-light blue-S;0;"T-Shirts;Shirts;unisex;tshirts;mann;männer";de;,
3100-light blue-M;0;"T-Shirts;Shirts;unisex;tshirts;mann;männer";de;,
3100-light blue-L;0;"T-Shirts;Shirts;unisex;tshirts;mann;männer";de;,
3100-light blue-5XL;0;"T-Shirts;Shirts;unisex;tshirts;mann;männer";de;,
3100-light blue-4XL;0;"T-Shirts;Shirts;unisex;tshirts;mann;männer";de;,
3100-graphite-XXXL;0;"T-Shirts;Shirts;unisex;tshirts;mann;männer";de;,
3100-graphite-XXL;0;"T-Shirts;Shirts;unisex;tshirts;mann;männer";de;,
3100-navy-4XL;0;"T-Shirts;Shirts;unisex;tshirts;mann;männer";de;,
3100-graphite-XL;0;"T-Shirts;Shirts;unisex;tshirts;mann;männer";de;,
3100-navy-XXXL;0;"T-Shirts;Shirts;unisex;tshirts;mann;männer";de;,
3100-graphite-M;0;"T-Shirts;Shirts;unisex;tshirts;mann;männer";de;,
3100-graphite-L;0;"T-Shirts;Shirts;unisex;tshirts;mann;männer";de;,
3100-graphite-XS;0;"T-Shirts;Shirts;unisex;tshirts;mann;männer";de;,
3100-white-5XL;0;"T-Shirts;Shirts;unisex;tshirts;mann;männer";de;,
3100-dusty khaki-L;0;"T-Shirts;Shirts;unisex;tshirts;mann;männer";de;,
3100-white-XXXL;0;"T-Shirts;Shirts;unisex;tshirts;mann;männer";de;,
3100-white-XXL;0;"T-Shirts;Shirts;unisex;tshirts;mann;männer";de;,
3100-white-XS;0;"T-Shirts;Shirts;unisex;tshirts;mann;männer";de;,
3100-white-XL;0;"T-Shirts;Shirts;unisex;tshirts;mann;männer";de;,
3100-white-S;0;"T-Shirts;Shirts;unisex;tshirts;mann;männer";de;,
3100-navy-XS;0;"T-Shirts;Shirts;unisex;tshirts;mann;männer";de;,
3100-white-L;0;"T-Shirts;Shirts;unisex;tshirts;mann;männer";de;,
3100-navy-5XL;0;"T-Shirts;Shirts;unisex;tshirts;mann;männer";de;,
3100-white-4XL;0;"T-Shirts;Shirts;unisex;tshirts;mann;männer";de;,
3100-graphite-5XL;0;"T-Shirts;Shirts;unisex;tshirts;mann;männer";de;,
3100-navy-XXL;0;"T-Shirts;Shirts;unisex;tshirts;mann;männer";de;,
3100-navy-XL;0;"T-Shirts;Shirts;unisex;tshirts;mann;männer";de;,
3100-navy-S;0;"T-Shirts;Shirts;unisex;tshirts;mann;männer";de;,
3100-navy-M;0;"T-Shirts;Shirts;unisex;tshirts;mann;männer";de;,
3100-navy-L;0;"T-Shirts;Shirts;unisex;tshirts;mann;männer";de;,
3100-white-M;0;"T-Shirts;Shirts;unisex;tshirts;mann;männer";de;,
3100-dusty khaki-XS;0;"T-Shirts;Shirts;unisex;tshirts;mann;männer";de;,
3100-graphite-4XL;0;"T-Shirts;Shirts;unisex;tshirts;mann;männer";de;,
3100-back to nature-XS;0;"T-Shirts;Shirts;unisex;tshirts;mann;männer";de;,
3100-dusty khaki-S;0;"T-Shirts;Shirts;unisex;tshirts;mann;männer";de;,
3100-back to nature-S;0;"T-Shirts;Shirts;unisex;tshirts;mann;männer";de;,
3100-back to nature-M;0;"T-Shirts;Shirts;unisex;tshirts;mann;männer";de;,
3100-back to nature-L;0;"T-Shirts;Shirts;unisex;tshirts;mann;männer";de;,
3100-back to nature-XXXL;0;"T-Shirts;Shirts;unisex;tshirts;mann;männer";de;,
3100-back to nature-4XL;0;"T-Shirts;Shirts;unisex;tshirts;mann;männer";de;,
3100-back to nature-XXL;0;"T-Shirts;Shirts;unisex;tshirts;mann;männer";de;,
3100-dusty khaki-XL;0;"T-Shirts;Shirts;unisex;tshirts;mann;männer";de;,
3100-dusty khaki-M;0;"T-Shirts;Shirts;unisex;tshirts;mann;männer";de;,
3100-dusty khaki-5XL;0;"T-Shirts;Shirts;unisex;tshirts;mann;männer";de;,
3100-dusty khaki-4XL;0;"T-Shirts;Shirts;unisex;tshirts;mann;männer";de;,
3100-burgundy-XXXL;0;"T-Shirts;Shirts;unisex;tshirts;mann;männer";de;,
3100-burgundy-XXL;0;"T-Shirts;Shirts;unisex;tshirts;mann;männer";de;,
3100-burgundy-XS;0;"T-Shirts;Shirts;unisex;tshirts;mann;männer";de;,
3100-back to nature-5XL;0;"T-Shirts;Shirts;unisex;tshirts;mann;männer";de;,
3100-burgundy-5XL;0;"T-Shirts;Shirts;unisex;tshirts;mann;männer";de;,
3100-dusty khaki-XXXL;0;"T-Shirts;Shirts;unisex;tshirts;mann;männer";de;,
3100-dusty khaki-XXL;0;"T-Shirts;Shirts;unisex;tshirts;mann;männer";de;,
3100-burgundy-XL;0;"T-Shirts;Shirts;unisex;tshirts;mann;männer";de;,
3100-burgundy-S;0;"T-Shirts;Shirts;unisex;tshirts;mann;männer";de;,
3100-burgundy-M;0;"T-Shirts;Shirts;unisex;tshirts;mann;männer";de;,
3100-back to nature-XL;0;"T-Shirts;Shirts;unisex;tshirts;mann;männer";de;,
3100-burgundy-L;0;"T-Shirts;Shirts;unisex;tshirts;mann;männer";de;,
3100-black-4XL;0;"T-Shirts;Shirts;unisex;tshirts;mann;männer";de;,
3100-burgundy-4XL;0;"T-Shirts;Shirts;unisex;tshirts;mann;männer";de;,
3100-black-XXXL;0;"T-Shirts;Shirts;unisex;tshirts;mann;männer";de;,
3100-black-XXL;0;"T-Shirts;Shirts;unisex;tshirts;mann;männer";de;,
3100-black-XS;0;"T-Shirts;Shirts;unisex;tshirts;mann;männer";de;,
3100-black-XL;0;"T-Shirts;Shirts;unisex;tshirts;mann;männer";de;,
3100-black-S;0;"T-Shirts;Shirts;unisex;tshirts;mann;männer";de;,
3100-black-M;0;"T-Shirts;Shirts;unisex;tshirts;mann;männer";de;,
3100-black-L;0;"T-Shirts;Shirts;unisex;tshirts;mann;männer";de;,
3100-black-5XL;0;"T-Shirts;Shirts;unisex;tshirts;mann;männer";de;,
3580-graphite-safety yellow-XXL;0;"t-shirt;tshirt;t-shirts;sport;sports;cooldry;mann;männer";de;,
3580-graphite-safety yellow-XS;0;"t-shirt;tshirt;t-shirts;sport;sports;cooldry;mann;männer";de;,
3580-graphite-safety yellow-XXXL;0;"t-shirt;tshirt;t-shirts;sport;sports;cooldry;mann;männer";de;,
3580-graphite-safety yellow-XL;0;"t-shirt;tshirt;t-shirts;sport;sports;cooldry;mann;männer";de;,
3580-graphite-safety yellow-L;0;"t-shirt;tshirt;t-shirts;sport;sports;cooldry;mann;männer";de;,
3580-graphite-safety yellow-M;0;"t-shirt;tshirt;t-shirts;sport;sports;cooldry;mann;männer";de;,
3580-graphite-safety yellow-5XL;0;"t-shirt;tshirt;t-shirts;sport;sports;cooldry;mann;männer";de;,
3580-graphite-safety yellow-4XL;0;"t-shirt;tshirt;t-shirts;sport;sports;cooldry;mann;männer";de;,
3580-graphite-safety yellow-S;0;"t-shirt;tshirt;t-shirts;sport;sports;cooldry;mann;männer";de;,
3590-royal-charcoal-XS;0;"t-shirt;tshirt;t-shirts;sport;sports;cooldry;mann;männer";de;,
3590-royal-charcoal-XL;0;"t-shirt;tshirt;t-shirts;sport;sports;cooldry;mann;männer";de;,
3590-royal-charcoal-S;0;"t-shirt;tshirt;t-shirts;sport;sports;cooldry;mann;männer";de;,
3590-royal-charcoal-M;0;"t-shirt;tshirt;t-shirts;sport;sports;cooldry;mann;männer";de;,
3590-royal-charcoal-L;0;"t-shirt;tshirt;t-shirts;sport;sports;cooldry;mann;männer";de;,
3590-royal-charcoal-5XL;0;"t-shirt;tshirt;t-shirts;sport;sports;cooldry;mann;männer";de;,
3590-royal-charcoal-4XL;0;"t-shirt;tshirt;t-shirts;sport;sports;cooldry;mann;männer";de;,
3590-new light grey-charcoal-XXXL;0;"t-shirt;tshirt;t-shirts;sport;sports;cooldry;mann;männer";de;,
3590-royal-charcoal-XXL;0;"t-shirt;tshirt;t-shirts;sport;sports;cooldry;mann;männer";de;,
3590-new light grey-charcoal-XS;0;"t-shirt;tshirt;t-shirts;sport;sports;cooldry;mann;männer";de;,
3590-steel grey-charcoal-L;0;"t-shirt;tshirt;t-shirts;sport;sports;cooldry;mann;männer";de;,
3590-new light grey-charcoal-XL;0;"t-shirt;tshirt;t-shirts;sport;sports;cooldry;mann;männer";de;,
3590-new light grey-charcoal-S;0;"t-shirt;tshirt;t-shirts;sport;sports;cooldry;mann;männer";de;,
3590-new light grey-charcoal-M;0;"t-shirt;tshirt;t-shirts;sport;sports;cooldry;mann;männer";de;,
3590-new light grey-charcoal-L;0;"t-shirt;tshirt;t-shirts;sport;sports;cooldry;mann;männer";de;,
3590-new light grey-charcoal-5XL;0;"t-shirt;tshirt;t-shirts;sport;sports;cooldry;mann;männer";de;,
3590-new light grey-charcoal-XXL;0;"t-shirt;tshirt;t-shirts;sport;sports;cooldry;mann;männer";de;,
3590-steel grey-charcoal-XXL;0;"t-shirt;tshirt;t-shirts;sport;sports;cooldry;mann;männer";de;,
3590-white-charcoal-XXXL;0;"t-shirt;tshirt;t-shirts;sport;sports;cooldry;mann;männer";de;,
3590-white-charcoal-XXL;0;"t-shirt;tshirt;t-shirts;sport;sports;cooldry;mann;männer";de;,
3590-white-charcoal-XS;0;"t-shirt;tshirt;t-shirts;sport;sports;cooldry;mann;männer";de;,
3590-white-charcoal-XL;0;"t-shirt;tshirt;t-shirts;sport;sports;cooldry;mann;männer";de;,
3590-white-charcoal-S;0;"t-shirt;tshirt;t-shirts;sport;sports;cooldry;mann;männer";de;,
3590-white-charcoal-L;0;"t-shirt;tshirt;t-shirts;sport;sports;cooldry;mann;männer";de;,
3590-steel grey-charcoal-4XL;0;"t-shirt;tshirt;t-shirts;sport;sports;cooldry;mann;männer";de;,
3590-steel grey-charcoal-XXXL;0;"t-shirt;tshirt;t-shirts;sport;sports;cooldry;mann;männer";de;,
3590-royal-charcoal-XXXL;0;"t-shirt;tshirt;t-shirts;sport;sports;cooldry;mann;männer";de;,
3590-steel grey-charcoal-XS;0;"t-shirt;tshirt;t-shirts;sport;sports;cooldry;mann;männer";de;,
3590-steel grey-charcoal-XL;0;"t-shirt;tshirt;t-shirts;sport;sports;cooldry;mann;männer";de;,
3590-steel grey-charcoal-S;0;"t-shirt;tshirt;t-shirts;sport;sports;cooldry;mann;männer";de;,
3590-steel grey-charcoal-M;0;"t-shirt;tshirt;t-shirts;sport;sports;cooldry;mann;männer";de;,
3590-white-charcoal-5XL;0;"t-shirt;tshirt;t-shirts;sport;sports;cooldry;mann;männer";de;,
3590-steel grey-charcoal-5XL;0;"t-shirt;tshirt;t-shirts;sport;sports;cooldry;mann;männer";de;,
3590-new light grey-charcoal-4XL;0;"t-shirt;tshirt;t-shirts;sport;sports;cooldry;mann;männer";de;,
3590-white-charcoal-4XL;0;"t-shirt;tshirt;t-shirts;sport;sports;cooldry;mann;männer";de;,
3590-black-charcoal-XS;0;"t-shirt;tshirt;t-shirts;sport;sports;cooldry;mann;männer";de;,
3590-fire red-charcoal-XS;0;"t-shirt;tshirt;t-shirts;sport;sports;cooldry;mann;männer";de;,
3590-fire red-charcoal-XL;0;"t-shirt;tshirt;t-shirts;sport;sports;cooldry;mann;männer";de;,
3590-fire red-charcoal-S;0;"t-shirt;tshirt;t-shirts;sport;sports;cooldry;mann;männer";de;,
3590-fire red-charcoal-L;0;"t-shirt;tshirt;t-shirts;sport;sports;cooldry;mann;männer";de;,
3590-navy-charcoal-XXXL;0;"t-shirt;tshirt;t-shirts;sport;sports;cooldry;mann;männer";de;,
3590-fire red-charcoal-4XL;0;"t-shirt;tshirt;t-shirts;sport;sports;cooldry;mann;männer";de;,
3590-fire red-charcoal-XXL;0;"t-shirt;tshirt;t-shirts;sport;sports;cooldry;mann;männer";de;,
3590-black-charcoal-XXL;0;"t-shirt;tshirt;t-shirts;sport;sports;cooldry;mann;männer";de;,
3590-fire red-charcoal-M;0;"t-shirt;tshirt;t-shirts;sport;sports;cooldry;mann;männer";de;,
3590-black-charcoal-XL;0;"t-shirt;tshirt;t-shirts;sport;sports;cooldry;mann;männer";de;,
3590-black-charcoal-S;0;"t-shirt;tshirt;t-shirts;sport;sports;cooldry;mann;männer";de;,
3590-black-charcoal-M;0;"t-shirt;tshirt;t-shirts;sport;sports;cooldry;mann;männer";de;,
3590-black-charcoal-L;0;"t-shirt;tshirt;t-shirts;sport;sports;cooldry;mann;männer";de;,
3590-black-charcoal-5XL;0;"t-shirt;tshirt;t-shirts;sport;sports;cooldry;mann;männer";de;,
3590-black-charcoal-4XL;0;"t-shirt;tshirt;t-shirts;sport;sports;cooldry;mann;männer";de;,
3590-white-charcoal-M;0;"t-shirt;tshirt;t-shirts;sport;sports;cooldry;mann;männer";de;,
3590-black-charcoal-XXXL;0;"t-shirt;tshirt;t-shirts;sport;sports;cooldry;mann;männer";de;,
3590-navy-charcoal-M;0;"t-shirt;tshirt;t-shirts;sport;sports;cooldry;mann;männer";de;,
3590-navy-charcoal-XXL;0;"t-shirt;tshirt;t-shirts;sport;sports;cooldry;mann;männer";de;,
3590-navy-charcoal-XS;0;"t-shirt;tshirt;t-shirts;sport;sports;cooldry;mann;männer";de;,
3590-fire red-charcoal-5XL;0;"t-shirt;tshirt;t-shirts;sport;sports;cooldry;mann;männer";de;,
3590-navy-charcoal-S;0;"t-shirt;tshirt;t-shirts;sport;sports;cooldry;mann;männer";de;,
3590-fire red-charcoal-XXXL;0;"t-shirt;tshirt;t-shirts;sport;sports;cooldry;mann;männer";de;,
3590-navy-charcoal-L;0;"t-shirt;tshirt;t-shirts;sport;sports;cooldry;mann;männer";de;,
3590-navy-charcoal-5XL;0;"t-shirt;tshirt;t-shirts;sport;sports;cooldry;mann;männer";de;,
3590-navy-charcoal-4XL;0;"t-shirt;tshirt;t-shirts;sport;sports;cooldry;mann;männer";de;,
3590-forest-charcoal-XXXL;0;"t-shirt;tshirt;t-shirts;sport;sports;cooldry;mann;männer";de;,
3590-forest-charcoal-XS;0;"t-shirt;tshirt;t-shirts;sport;sports;cooldry;mann;männer";de;,
3590-forest-charcoal-XL;0;"t-shirt;tshirt;t-shirts;sport;sports;cooldry;mann;männer";de;,
3590-forest-charcoal-S;0;"t-shirt;tshirt;t-shirts;sport;sports;cooldry;mann;männer";de;,
3590-forest-charcoal-4XL;0;"t-shirt;tshirt;t-shirts;sport;sports;cooldry;mann;männer";de;,
3590-forest-charcoal-M;0;"t-shirt;tshirt;t-shirts;sport;sports;cooldry;mann;männer";de;,
3590-forest-charcoal-L;0;"t-shirt;tshirt;t-shirts;sport;sports;cooldry;mann;männer";de;,
3590-forest-charcoal-5XL;0;"t-shirt;tshirt;t-shirts;sport;sports;cooldry;mann;männer";de;,
3590-forest-charcoal-XXL;0;"t-shirt;tshirt;t-shirts;sport;sports;cooldry;mann;männer";de;,
3590-navy-charcoal-XL;0;"t-shirt;tshirt;t-shirts;sport;sports;cooldry;mann;männer";de;,
4020-steel grey-4XL;0;"poloshirts;polohemden;damen;lady;ladies;woman;girly;shirts;frauen";de;,
4020-steel grey-XXXL;0;"poloshirts;polohemden;damen;lady;ladies;woman;girly;shirts;frauen";de;,
4020-steel grey-XXL;0;"poloshirts;polohemden;damen;lady;ladies;woman;girly;shirts;frauen";de;,
4020-steel grey-XL;0;"poloshirts;polohemden;damen;lady;ladies;woman;girly;shirts;frauen";de;,
4020-steel grey-S;0;"poloshirts;polohemden;damen;lady;ladies;woman;girly;shirts;frauen";de;,
4020-steel grey-M;0;"poloshirts;polohemden;damen;lady;ladies;woman;girly;shirts;frauen";de;,
4020-steel grey-5XL;0;"poloshirts;polohemden;damen;lady;ladies;woman;girly;shirts;frauen";de;,
4020-steel grey-L;0;"poloshirts;polohemden;damen;lady;ladies;woman;girly;shirts;frauen";de;,
4025-steel grey-XXXL;0;"poloshirts;polohemden;damen;lady;ladies;woman;girly;shirts;frauen";de;,
4025-steel grey-XXL;0;"poloshirts;polohemden;damen;lady;ladies;woman;girly;shirts;frauen";de;,
4025-steel grey-XL;0;"poloshirts;polohemden;damen;lady;ladies;woman;girly;shirts;frauen";de;,
4025-steel grey-L;0;"poloshirts;polohemden;damen;lady;ladies;woman;girly;shirts;frauen";de;,
4025-steel grey-S;0;"poloshirts;polohemden;damen;lady;ladies;woman;girly;shirts;frauen";de;,
4025-steel grey-M;0;"poloshirts;polohemden;damen;lady;ladies;woman;girly;shirts;frauen";de;,
4081-steel grey-XXXL;0;"Damen;figurbetont;;tshirts;frauen;langarm;;Slim;Fit-Shirts;Slim;Fit-Shirt";de;,
4081-steel grey-L;0;"Damen;figurbetont;;tshirts;frauen;langarm;;Slim;Fit-Shirts;Slim;Fit-Shirt";de;,
4081-steel grey-M;0;"Damen;figurbetont;;tshirts;frauen;langarm;;Slim;Fit-Shirts;Slim;Fit-Shirt";de;,
4081-steel grey-S;0;"Damen;figurbetont;;tshirts;frauen;langarm;;Slim;Fit-Shirts;Slim;Fit-Shirt";de;,
4081-steel grey-XL;0;"Damen;figurbetont;;tshirts;frauen;langarm;;Slim;Fit-Shirts;Slim;Fit-Shirt";de;,
4081-steel grey-XXL;0;"Damen;figurbetont;;tshirts;frauen;langarm;;Slim;Fit-Shirts;Slim;Fit-Shirt";de;,
4085-steel grey-XXL;0;"Damen;figurbetont;enganliegend;tshirts;frauen;langarm;langärmel;Longsleeve";de;,
4085-steel grey-XS;0;"Damen;figurbetont;enganliegend;tshirts;frauen;langarm;langärmel;Longsleeve";de;,
4085-steel grey-XL;0;"Damen;figurbetont;enganliegend;tshirts;frauen;langarm;langärmel;Longsleeve";de;,
4085-steel grey-S;0;"Damen;figurbetont;enganliegend;tshirts;frauen;langarm;langärmel;Longsleeve";de;,
4085-steel grey-L;0;"Damen;figurbetont;enganliegend;tshirts;frauen;langarm;langärmel;Longsleeve";de;,
4085-steel grey-M;0;"Damen;figurbetont;enganliegend;tshirts;frauen;langarm;langärmel;Longsleeve";de;,
4095-steel grey-XL;0;;de;,
4095-steel grey-XXL;0;;de;,
4095-steel grey-L;0;;de;,
4095-steel grey-M;0;;de;,
4095-steel grey-S;0;;de;,
4095-steel grey-XXXL;0;;de;,
4097-steel grey-S;0;;de;,
4097-steel grey-XXXL;0;;de;,
4097-steel grey-XL;0;;de;,
4097-steel grey-L;0;;de;,
4097-steel grey-5XL;0;;de;,
4097-steel grey-4XL;0;;de;,
4097-steel grey-XXL;0;;de;,
4097-steel grey-M;0;;de;,
4250-white / 00-L;0;"Polo;Poloshirt;Damen;Frauen;Lady;Ladies;Girly;Woman;Women;frauen";de;,
4250-white / 00-XXL;0;"Polo;Poloshirt;Damen;Frauen;Lady;Ladies;Girly;Woman;Women;frauen";de;,
4250-white / 00-XL;0;"Polo;Poloshirt;Damen;Frauen;Lady;Ladies;Girly;Woman;Women;frauen";de;,
4250-white / 00-M;0;"Polo;Poloshirt;Damen;Frauen;Lady;Ladies;Girly;Woman;Women;frauen";de;,
4250-white / 00-XXXL;0;"Polo;Poloshirt;Damen;Frauen;Lady;Ladies;Girly;Woman;Women;frauen";de;,
4250-white / 00-5XL;0;"Polo;Poloshirt;Damen;Frauen;Lady;Ladies;Girly;Woman;Women;frauen";de;,
4250-white / 00-4XL;0;"Polo;Poloshirt;Damen;Frauen;Lady;Ladies;Girly;Woman;Women;frauen";de;,
4250-white / 00-S;0;"Polo;Poloshirt;Damen;Frauen;Lady;Ladies;Girly;Woman;Women;frauen";de;,
4520-graphite-safety yellow-S;0;"t-shirt;tshirt;t-shirts;sport;sports;cooldry;mann;männer";de;,
4520-graphite-safety yellow-XXL;0;"t-shirt;tshirt;t-shirts;sport;sports;cooldry;mann;männer";de;,
4520-graphite-safety yellow-XXXL;0;"t-shirt;tshirt;t-shirts;sport;sports;cooldry;mann;männer";de;,
4520-graphite-safety yellow-XL;0;"t-shirt;tshirt;t-shirts;sport;sports;cooldry;mann;männer";de;,
4520-graphite-safety yellow-M;0;"t-shirt;tshirt;t-shirts;sport;sports;cooldry;mann;männer";de;,
4520-graphite-safety yellow-L;0;"t-shirt;tshirt;t-shirts;sport;sports;cooldry;mann;männer";de;,
4520-graphite-safety yellow-4XL;0;"t-shirt;tshirt;t-shirts;sport;sports;cooldry;mann;männer";de;,
4520-graphite-safety yellow-5XL;0;"t-shirt;tshirt;t-shirts;sport;sports;cooldry;mann;männer";de;,
4525-hunting green-red-XS;0;"t-shirt;tshirt;t-shirts;sport;sports;cooldry;frauen";de;,
4525-hunting green-red-L;0;"t-shirt;tshirt;t-shirts;sport;sports;cooldry;frauen";de;,
4525-hunting green-red-M;0;"t-shirt;tshirt;t-shirts;sport;sports;cooldry;frauen";de;,
4525-hunting green-red-S;0;"t-shirt;tshirt;t-shirts;sport;sports;cooldry;frauen";de;,
4525-hunting green-red-XL;0;"t-shirt;tshirt;t-shirts;sport;sports;cooldry;frauen";de;,
4525-hunting green-red-XXL;0;"t-shirt;tshirt;t-shirts;sport;sports;cooldry;frauen";de;,
4590-new light grey-charcoal-XL;0;"t-shirt;tshirt;t-shirts;sport;sports;cooldry;mann;männer";de;,
4590-royal-charcoal-XL;0;"t-shirt;tshirt;t-shirts;sport;sports;cooldry;mann;männer";de;,
4590-royal-charcoal-S;0;"t-shirt;tshirt;t-shirts;sport;sports;cooldry;mann;männer";de;,
4590-royal-charcoal-M;0;"t-shirt;tshirt;t-shirts;sport;sports;cooldry;mann;männer";de;,
4590-royal-charcoal-L;0;"t-shirt;tshirt;t-shirts;sport;sports;cooldry;mann;männer";de;,
4590-royal-charcoal-5XL;0;"t-shirt;tshirt;t-shirts;sport;sports;cooldry;mann;männer";de;,
4590-royal-charcoal-4XL;0;"t-shirt;tshirt;t-shirts;sport;sports;cooldry;mann;männer";de;,
4590-new light grey-charcoal-XXXL;0;"t-shirt;tshirt;t-shirts;sport;sports;cooldry;mann;männer";de;,
4590-forest-charcoal-M;0;"t-shirt;tshirt;t-shirts;sport;sports;cooldry;mann;männer";de;,
4590-new light grey-charcoal-XS;0;"t-shirt;tshirt;t-shirts;sport;sports;cooldry;mann;männer";de;,
4590-royal-charcoal-XXXL;0;"t-shirt;tshirt;t-shirts;sport;sports;cooldry;mann;männer";de;,
4590-fire red-charcoal-XL;0;"t-shirt;tshirt;t-shirts;sport;sports;cooldry;mann;männer";de;,
4590-fire red-charcoal-XS;0;"t-shirt;tshirt;t-shirts;sport;sports;cooldry;mann;männer";de;,
4590-fire red-charcoal-XXL;0;"t-shirt;tshirt;t-shirts;sport;sports;cooldry;mann;männer";de;,
4590-fire red-charcoal-XXXL;0;"t-shirt;tshirt;t-shirts;sport;sports;cooldry;mann;männer";de;,
4590-forest-charcoal-4XL;0;"t-shirt;tshirt;t-shirts;sport;sports;cooldry;mann;männer";de;,
4590-forest-charcoal-5XL;0;"t-shirt;tshirt;t-shirts;sport;sports;cooldry;mann;männer";de;,
4590-forest-charcoal-L;0;"t-shirt;tshirt;t-shirts;sport;sports;cooldry;mann;männer";de;,
4590-new light grey-charcoal-XXL;0;"t-shirt;tshirt;t-shirts;sport;sports;cooldry;mann;männer";de;,
4590-white-charcoal-4XL;0;"t-shirt;tshirt;t-shirts;sport;sports;cooldry;mann;männer";de;,
4590-black-charcoal-4XL;0;"t-shirt;tshirt;t-shirts;sport;sports;cooldry;mann;männer";de;,
4590-white-charcoal-XXXL;0;"t-shirt;tshirt;t-shirts;sport;sports;cooldry;mann;männer";de;,
4590-white-charcoal-XXL;0;"t-shirt;tshirt;t-shirts;sport;sports;cooldry;mann;männer";de;,
4590-white-charcoal-XS;0;"t-shirt;tshirt;t-shirts;sport;sports;cooldry;mann;männer";de;,
4590-white-charcoal-XL;0;"t-shirt;tshirt;t-shirts;sport;sports;cooldry;mann;männer";de;,
4590-white-charcoal-S;0;"t-shirt;tshirt;t-shirts;sport;sports;cooldry;mann;männer";de;,
4590-white-charcoal-M;0;"t-shirt;tshirt;t-shirts;sport;sports;cooldry;mann;männer";de;,
4590-royal-charcoal-XS;0;"t-shirt;tshirt;t-shirts;sport;sports;cooldry;mann;männer";de;,
4590-white-charcoal-5XL;0;"t-shirt;tshirt;t-shirts;sport;sports;cooldry;mann;männer";de;,
4590-royal-charcoal-XXL;0;"t-shirt;tshirt;t-shirts;sport;sports;cooldry;mann;männer";de;,
4590-steel grey-charcoal-XXXL;0;"t-shirt;tshirt;t-shirts;sport;sports;cooldry;mann;männer";de;,
4590-steel grey-charcoal-XXL;0;"t-shirt;tshirt;t-shirts;sport;sports;cooldry;mann;männer";de;,
4590-steel grey-charcoal-XS;0;"t-shirt;tshirt;t-shirts;sport;sports;cooldry;mann;männer";de;,
4590-steel grey-charcoal-XL;0;"t-shirt;tshirt;t-shirts;sport;sports;cooldry;mann;männer";de;,
4590-steel grey-charcoal-S;0;"t-shirt;tshirt;t-shirts;sport;sports;cooldry;mann;männer";de;,
4590-steel grey-charcoal-M;0;"t-shirt;tshirt;t-shirts;sport;sports;cooldry;mann;männer";de;,
4590-steel grey-charcoal-5XL;0;"t-shirt;tshirt;t-shirts;sport;sports;cooldry;mann;männer";de;,
4590-steel grey-charcoal-4XL;0;"t-shirt;tshirt;t-shirts;sport;sports;cooldry;mann;männer";de;,
4590-white-charcoal-L;0;"t-shirt;tshirt;t-shirts;sport;sports;cooldry;mann;männer";de;,
4590-black-charcoal-XXXL;0;"t-shirt;tshirt;t-shirts;sport;sports;cooldry;mann;männer";de;,
4590-navy-charcoal-4XL;0;"t-shirt;tshirt;t-shirts;sport;sports;cooldry;mann;männer";de;,
4590-forest-charcoal-XXXL;0;"t-shirt;tshirt;t-shirts;sport;sports;cooldry;mann;männer";de;,
4590-black-charcoal-5XL;0;"t-shirt;tshirt;t-shirts;sport;sports;cooldry;mann;männer";de;,
4590-steel grey-charcoal-L;0;"t-shirt;tshirt;t-shirts;sport;sports;cooldry;mann;männer";de;,
4590-black-charcoal-L;0;"t-shirt;tshirt;t-shirts;sport;sports;cooldry;mann;männer";de;,
4590-black-charcoal-M;0;"t-shirt;tshirt;t-shirts;sport;sports;cooldry;mann;männer";de;,
4590-black-charcoal-S;0;"t-shirt;tshirt;t-shirts;sport;sports;cooldry;mann;männer";de;,
4590-black-charcoal-XL;0;"t-shirt;tshirt;t-shirts;sport;sports;cooldry;mann;männer";de;,
4590-navy-charcoal-L;0;"t-shirt;tshirt;t-shirts;sport;sports;cooldry;mann;männer";de;,
4590-black-charcoal-XXL;0;"t-shirt;tshirt;t-shirts;sport;sports;cooldry;mann;männer";de;,
4590-navy-charcoal-M;0;"t-shirt;tshirt;t-shirts;sport;sports;cooldry;mann;männer";de;,
4590-fire red-charcoal-4XL;0;"t-shirt;tshirt;t-shirts;sport;sports;cooldry;mann;männer";de;,
4590-fire red-charcoal-5XL;0;"t-shirt;tshirt;t-shirts;sport;sports;cooldry;mann;männer";de;,
4590-fire red-charcoal-L;0;"t-shirt;tshirt;t-shirts;sport;sports;cooldry;mann;männer";de;,
4590-fire red-charcoal-M;0;"t-shirt;tshirt;t-shirts;sport;sports;cooldry;mann;männer";de;,
4590-fire red-charcoal-S;0;"t-shirt;tshirt;t-shirts;sport;sports;cooldry;mann;männer";de;,
4590-forest-charcoal-S;0;"t-shirt;tshirt;t-shirts;sport;sports;cooldry;mann;männer";de;,
4590-forest-charcoal-XL;0;"t-shirt;tshirt;t-shirts;sport;sports;cooldry;mann;männer";de;,
4590-forest-charcoal-XS;0;"t-shirt;tshirt;t-shirts;sport;sports;cooldry;mann;männer";de;,
4590-black-charcoal-XS;0;"t-shirt;tshirt;t-shirts;sport;sports;cooldry;mann;männer";de;,
4590-new light grey-charcoal-M;0;"t-shirt;tshirt;t-shirts;sport;sports;cooldry;mann;männer";de;,
4590-forest-charcoal-XXL;0;"t-shirt;tshirt;t-shirts;sport;sports;cooldry;mann;männer";de;,
4590-navy-charcoal-5XL;0;"t-shirt;tshirt;t-shirts;sport;sports;cooldry;mann;männer";de;,
4590-new light grey-charcoal-S;0;"t-shirt;tshirt;t-shirts;sport;sports;cooldry;mann;männer";de;,
4590-navy-charcoal-S;0;"t-shirt;tshirt;t-shirts;sport;sports;cooldry;mann;männer";de;,
4590-new light grey-charcoal-L;0;"t-shirt;tshirt;t-shirts;sport;sports;cooldry;mann;männer";de;,
4590-new light grey-charcoal-5XL;0;"t-shirt;tshirt;t-shirts;sport;sports;cooldry;mann;männer";de;,
4590-new light grey-charcoal-4XL;0;"t-shirt;tshirt;t-shirts;sport;sports;cooldry;mann;männer";de;,
4590-navy-charcoal-XXL;0;"t-shirt;tshirt;t-shirts;sport;sports;cooldry;mann;männer";de;,
4590-navy-charcoal-XS;0;"t-shirt;tshirt;t-shirts;sport;sports;cooldry;mann;männer";de;,
4590-navy-charcoal-XL;0;"t-shirt;tshirt;t-shirts;sport;sports;cooldry;mann;männer";de;,
4590-navy-charcoal-XXXL;0;"t-shirt;tshirt;t-shirts;sport;sports;cooldry;mann;männer";de;,
4920-black-steel grey-XXL;0;"polos;Herrenhemden;Men;polohemden;mann;männer";de;,
4920-black-steel grey-5XL;0;"polos;Herrenhemden;Men;polohemden;mann;männer";de;,
4920-white-steel grey-XXXL;0;"polos;Herrenhemden;Men;polohemden;mann;männer";de;,
4920-white-steel grey-XXL;0;"polos;Herrenhemden;Men;polohemden;mann;männer";de;,
4920-white-steel grey-XS;0;"polos;Herrenhemden;Men;polohemden;mann;männer";de;,
4920-white-steel grey-XL;0;"polos;Herrenhemden;Men;polohemden;mann;männer";de;,
4920-white-steel grey-S;0;"polos;Herrenhemden;Men;polohemden;mann;männer";de;,
4920-black-steel grey-XL;0;"polos;Herrenhemden;Men;polohemden;mann;männer";de;,
4920-black-steel grey-XXXL;0;"polos;Herrenhemden;Men;polohemden;mann;männer";de;,
4920-black-steel grey-XS;0;"polos;Herrenhemden;Men;polohemden;mann;männer";de;,
4920-black-steel grey-L;0;"polos;Herrenhemden;Men;polohemden;mann;männer";de;,
4920-black-steel grey-S;0;"polos;Herrenhemden;Men;polohemden;mann;männer";de;,
4920-white-steel grey-M;0;"polos;Herrenhemden;Men;polohemden;mann;männer";de;,
4920-navy-steel grey-XXL;0;"polos;Herrenhemden;Men;polohemden;mann;männer";de;,
4920-navy-steel grey-XL;0;"polos;Herrenhemden;Men;polohemden;mann;männer";de;,
4920-navy-steel grey-M;0;"polos;Herrenhemden;Men;polohemden;mann;männer";de;,
4920-navy-steel grey-L;0;"polos;Herrenhemden;Men;polohemden;mann;männer";de;,
4920-navy-steel grey-5XL;0;"polos;Herrenhemden;Men;polohemden;mann;männer";de;,
4920-navy-steel grey-XS;0;"polos;Herrenhemden;Men;polohemden;mann;männer";de;,
4920-navy-steel grey-XXXL;0;"polos;Herrenhemden;Men;polohemden;mann;männer";de;,
4920-white-steel grey-4XL;0;"polos;Herrenhemden;Men;polohemden;mann;männer";de;,
4920-white-steel grey-5XL;0;"polos;Herrenhemden;Men;polohemden;mann;männer";de;,
4920-white-steel grey-L;0;"polos;Herrenhemden;Men;polohemden;mann;männer";de;,
4920-black-steel grey-M;0;"polos;Herrenhemden;Men;polohemden;mann;männer";de;,
4920-navy-steel grey-S;0;"polos;Herrenhemden;Men;polohemden;mann;männer";de;,
4920-black-steel grey-4XL;0;"polos;Herrenhemden;Men;polohemden;mann;männer";de;,
4920-navy-steel grey-4XL;0;"polos;Herrenhemden;Men;polohemden;mann;männer";de;,
5052-steel grey-5XL;0;"Troyer;Sweatshirts;sweater;mann;männer;unisex;Frauen";de;,
5052-steel grey-XL;0;"Troyer;Sweatshirts;sweater;mann;männer;unisex;Frauen";de;,
5052-steel grey-XXXL;0;"Troyer;Sweatshirts;sweater;mann;männer;unisex;Frauen";de;,
5052-steel grey-XXL;0;"Troyer;Sweatshirts;sweater;mann;männer;unisex;Frauen";de;,
5052-steel grey-XS;0;"Troyer;Sweatshirts;sweater;mann;männer;unisex;Frauen";de;,
5052-steel grey-S;0;"Troyer;Sweatshirts;sweater;mann;männer;unisex;Frauen";de;,
5052-steel grey-L;0;"Troyer;Sweatshirts;sweater;mann;männer;unisex;Frauen";de;,
5052-steel grey-4XL;0;"Troyer;Sweatshirts;sweater;mann;männer;unisex;Frauen";de;,
5052-steel grey-M;0;"Troyer;Sweatshirts;sweater;mann;männer;unisex;Frauen";de;,
5077-steel grey-5XL;0;;de;,
5077-royal-4XL;0;;de;,
5077-steel grey-XXL;0;;de;,
5077-steel grey-XXXL;0;;de;,
5077-steel grey-XS;0;;de;,
5077-steel grey-XL;0;;de;,
5077-steel grey-S;0;;de;,
5077-steel grey-M;0;;de;,
5077-steel grey-L;0;;de;,
5077-royal-5XL;0;;de;,
5077-royal-XXXL;0;;de;,
5077-royal-XXL;0;;de;,
5077-royal-XS;0;;de;,
5077-royal-XL;0;;de;,
5077-royal-S;0;;de;,
5077-royal-M;0;;de;,
5077-steel grey-4XL;0;;de;,
5077-royal-L;0;;de;,
5270-steel grey-5XL;0;;de;,
5270-steel grey-L;0;;de;,
5270-steel grey-M;0;;de;,
5270-steel grey-S;0;;de;,
5270-steel grey-XL;0;;de;,
5270-steel grey-XXXL;0;;de;,
5270-steel grey-XXL;0;;de;,
5270-steel grey-4XL;0;;de;,
5270-new light grey-XXL;0;;de;,
5270-new light grey-XL;0;;de;,
5270-new light grey-S;0;;de;,
5270-new light grey-M;0;;de;,
5270-new light grey-L;0;;de;,
5270-new light grey-4XL;0;;de;,
5270-new light grey-5XL;0;;de;,
5270-new light grey-XXXL;0;;de;,
5275-new light grey-XXXL;0;;de;,
5275-new light grey-L;0;;de;,
5275-steel grey-XXL;0;;de;,
5275-steel grey-XL;0;;de;,
5275-steel grey-S;0;;de;,
5275-steel grey-L;0;;de;,
5275-steel grey-XXXL;0;;de;,
5275-new light grey-XXL;0;;de;,
5275-new light grey-XL;0;;de;,
5275-new light grey-S;0;;de;,
5275-new light grey-M;0;;de;,
5275-steel grey-M;0;;de;,
5500-heather grey-XXXL;0;"pullover;sweatshirts;jacken;Kapuzen";de;,
5500-heather grey-4XL;0;"pullover;sweatshirts;jacken;Kapuzen";de;,
5500-heather grey-5XL;0;"pullover;sweatshirts;jacken;Kapuzen";de;,
5500-heather grey-L;0;"pullover;sweatshirts;jacken;Kapuzen";de;,
5500-heather grey-M;0;"pullover;sweatshirts;jacken;Kapuzen";de;,
5500-heather grey-S;0;"pullover;sweatshirts;jacken;Kapuzen";de;,
5500-heather grey-XL;0;"pullover;sweatshirts;jacken;Kapuzen";de;,
5500-heather grey-XS;0;"pullover;sweatshirts;jacken;Kapuzen";de;,
5500-heather grey-XXL;0;"pullover;sweatshirts;jacken;Kapuzen";de;,
5500-navy-4XL;0;"pullover;sweatshirts;jacken;Kapuzen";de;,
5500-navy-5XL;0;"pullover;sweatshirts;jacken;Kapuzen";de;,
5500-navy-L;0;"pullover;sweatshirts;jacken;Kapuzen";de;,
5500-navy-M;0;"pullover;sweatshirts;jacken;Kapuzen";de;,
5500-navy-S;0;"pullover;sweatshirts;jacken;Kapuzen";de;,
5500-navy-XL;0;"pullover;sweatshirts;jacken;Kapuzen";de;,
5500-navy-XS;0;"pullover;sweatshirts;jacken;Kapuzen";de;,
5500-dusty khaki-XXXL;0;"pullover;sweatshirts;jacken;Kapuzen";de;,
5500-navy-XXXL;0;"pullover;sweatshirts;jacken;Kapuzen";de;,
5500-dusty khaki-M;0;"pullover;sweatshirts;jacken;Kapuzen";de;,
5500-navy-XXL;0;"pullover;sweatshirts;jacken;Kapuzen";de;,
5500-black-4XL;0;"pullover;sweatshirts;jacken;Kapuzen";de;,
5500-dusty khaki-XL;0;"pullover;sweatshirts;jacken;Kapuzen";de;,
5500-dusty khaki-XXL;0;"pullover;sweatshirts;jacken;Kapuzen";de;,
5500-black-5XL;0;"pullover;sweatshirts;jacken;Kapuzen";de;,
5500-black-L;0;"pullover;sweatshirts;jacken;Kapuzen";de;,
5500-black-M;0;"pullover;sweatshirts;jacken;Kapuzen";de;,
5500-black-S;0;"pullover;sweatshirts;jacken;Kapuzen";de;,
5500-black-XL;0;"pullover;sweatshirts;jacken;Kapuzen";de;,
5500-black-XS;0;"pullover;sweatshirts;jacken;Kapuzen";de;,
5500-black-XXXL;0;"pullover;sweatshirts;jacken;Kapuzen";de;,
5500-dusty khaki-4XL;0;"pullover;sweatshirts;jacken;Kapuzen";de;,
5500-dusty khaki-5XL;0;"pullover;sweatshirts;jacken;Kapuzen";de;,
5500-dusty khaki-L;0;"pullover;sweatshirts;jacken;Kapuzen";de;,
5500-dusty khaki-S;0;"pullover;sweatshirts;jacken;Kapuzen";de;,
5500-dusty khaki-XS;0;"pullover;sweatshirts;jacken;Kapuzen";de;,
5500-black-XXL;0;"pullover;sweatshirts;jacken;Kapuzen";de;,
6300-steel grey-4XL;0;"Hemden;Herrenhemden;freizeithemden;unisex";de;,
6300-steel grey-XXXL;0;"Hemden;Herrenhemden;freizeithemden;unisex";de;,
6300-steel grey-XXL;0;"Hemden;Herrenhemden;freizeithemden;unisex";de;,
6300-steel grey-XL;0;"Hemden;Herrenhemden;freizeithemden;unisex";de;,
6300-steel grey-S;0;"Hemden;Herrenhemden;freizeithemden;unisex";de;,
6300-steel grey-L;0;"Hemden;Herrenhemden;freizeithemden;unisex";de;,
6300-steel grey-5XL;0;"Hemden;Herrenhemden;freizeithemden;unisex";de;,
6300-steel grey-M;0;"Hemden;Herrenhemden;freizeithemden;unisex";de;,
6305-steel grey-XXXL;0;"Blusen;Damenblusen;kurzarm;Bluse";de;,
6305-steel grey-XXL;0;"Blusen;Damenblusen;kurzarm;Bluse";de;,
6305-steel grey-L;0;"Blusen;Damenblusen;kurzarm;Bluse";de;,
6305-steel grey-M;0;"Blusen;Damenblusen;kurzarm;Bluse";de;,
6305-steel grey-S;0;"Blusen;Damenblusen;kurzarm;Bluse";de;,
6305-steel grey-XL;0;"Blusen;Damenblusen;kurzarm;Bluse";de;,
6305-steel grey-XS;0;"Blusen;Damenblusen;kurzarm;Bluse";de;,
6310-steel grey-XXXL;0;"Hemden;Männer;Hemd;Herrenhemden;freizeithemden;langarm";de;,
6310-steel grey-XL;0;"Hemden;Männer;Hemd;Herrenhemden;freizeithemden;langarm";de;,
6310-steel grey-L;0;"Hemden;Männer;Hemd;Herrenhemden;freizeithemden;langarm";de;,
6310-steel grey-XXL;0;"Hemden;Männer;Hemd;Herrenhemden;freizeithemden;langarm";de;,
6310-steel grey-5XL;0;"Hemden;Männer;Hemd;Herrenhemden;freizeithemden;langarm";de;,
6310-steel grey-4XL;0;"Hemden;Männer;Hemd;Herrenhemden;freizeithemden;langarm";de;,
6310-steel grey-S;0;"Hemden;Männer;Hemd;Herrenhemden;freizeithemden;langarm";de;,
6310-steel grey-M;0;"Hemden;Männer;Hemd;Herrenhemden;freizeithemden;langarm";de;,
6315-steel grey-XS;0;"Blusen;Damenblusen;langarm;Bluse";de;,
6315-steel grey-XXL;0;"Blusen;Damenblusen;langarm;Bluse";de;,
6315-steel grey-XL;0;"Blusen;Damenblusen;langarm;Bluse";de;,
6315-steel grey-S;0;"Blusen;Damenblusen;langarm;Bluse";de;,
6315-steel grey-M;0;"Blusen;Damenblusen;langarm;Bluse";de;,
6315-steel grey-L;0;"Blusen;Damenblusen;langarm;Bluse";de;,
6315-steel grey-XXXL;0;"Blusen;Damenblusen;langarm;Bluse";de;,
7200-new light grey-aqua-5XL;0;"Jacken;Outdoor;Men;jackets;mann;männer";de;,
7200-new light grey-aqua-4XL;0;"Jacken;Outdoor;Men;jackets;mann;männer";de;,
7200-new light grey-aqua-XXXL;0;"Jacken;Outdoor;Men;jackets;mann;männer";de;,
7200-new light grey-aqua-XXL;0;"Jacken;Outdoor;Men;jackets;mann;männer";de;,
7200-new light grey-aqua-XL;0;"Jacken;Outdoor;Men;jackets;mann;männer";de;,
7200-new light grey-aqua-S;0;"Jacken;Outdoor;Men;jackets;mann;männer";de;,
7200-new light grey-aqua-L;0;"Jacken;Outdoor;Men;jackets;mann;männer";de;,
7200-black-steel grey-L;0;"Jacken;Outdoor;Men;jackets;mann;männer";de;,
7200-black-steel grey-4XL;0;"Jacken;Outdoor;Men;jackets;mann;männer";de;,
7200-new light grey-aqua-M;0;"Jacken;Outdoor;Men;jackets;mann;männer";de;,
7200-black-steel grey-XXXL;0;"Jacken;Outdoor;Men;jackets;mann;männer";de;,
7200-black-steel grey-5XL;0;"Jacken;Outdoor;Men;jackets;mann;männer";de;,
7200-black-steel grey-M;0;"Jacken;Outdoor;Men;jackets;mann;männer";de;,
7200-black-steel grey-S;0;"Jacken;Outdoor;Men;jackets;mann;männer";de;,
7200-black-steel grey-XL;0;"Jacken;Outdoor;Men;jackets;mann;männer";de;,
7200-black-steel grey-XXL;0;"Jacken;Outdoor;Men;jackets;mann;männer";de;,
7205-steel grey-red-S;0;"Jacken;Outdoor;woman;jackets;Frauen;Damen;ladies";de;,
7205-navy-new light grey-XXXL;0;"Jacken;Outdoor;woman;jackets;Frauen;Damen;ladies";de;,
7205-new light grey-aqua-S;0;"Jacken;Outdoor;woman;jackets;Frauen;Damen;ladies";de;,
7205-steel grey-red-XXXL;0;"Jacken;Outdoor;woman;jackets;Frauen;Damen;ladies";de;,
7205-new light grey-aqua-M;0;"Jacken;Outdoor;woman;jackets;Frauen;Damen;ladies";de;,
7205-navy-new light grey-XXL;0;"Jacken;Outdoor;woman;jackets;Frauen;Damen;ladies";de;,
7205-new light grey-aqua-L;0;"Jacken;Outdoor;woman;jackets;Frauen;Damen;ladies";de;,
7205-new light grey-aqua-XL;0;"Jacken;Outdoor;woman;jackets;Frauen;Damen;ladies";de;,
7205-new light grey-aqua-XXL;0;"Jacken;Outdoor;woman;jackets;Frauen;Damen;ladies";de;,
7205-new light grey-aqua-XXXL;0;"Jacken;Outdoor;woman;jackets;Frauen;Damen;ladies";de;,
7205-steel grey-red-M;0;"Jacken;Outdoor;woman;jackets;Frauen;Damen;ladies";de;,
7205-steel grey-red-XL;0;"Jacken;Outdoor;woman;jackets;Frauen;Damen;ladies";de;,
7205-steel grey-red-XXL;0;"Jacken;Outdoor;woman;jackets;Frauen;Damen;ladies";de;,
7205-navy-new light grey-XL;0;"Jacken;Outdoor;woman;jackets;Frauen;Damen;ladies";de;,
7205-black-steel grey-S;0;"Jacken;Outdoor;woman;jackets;Frauen;Damen;ladies";de;,
7205-steel grey-red-L;0;"Jacken;Outdoor;woman;jackets;Frauen;Damen;ladies";de;,
7205-navy-new light grey-M;0;"Jacken;Outdoor;woman;jackets;Frauen;Damen;ladies";de;,
7205-navy-new light grey-L;0;"Jacken;Outdoor;woman;jackets;Frauen;Damen;ladies";de;,
7205-black-steel grey-XXXL;0;"Jacken;Outdoor;woman;jackets;Frauen;Damen;ladies";de;,
7205-black-steel grey-XL;0;"Jacken;Outdoor;woman;jackets;Frauen;Damen;ladies";de;,
7205-black-steel grey-M;0;"Jacken;Outdoor;woman;jackets;Frauen;Damen;ladies";de;,
7205-black-steel grey-L;0;"Jacken;Outdoor;woman;jackets;Frauen;Damen;ladies";de;,
7205-black-steel grey-XXL;0;"Jacken;Outdoor;woman;jackets;Frauen;Damen;ladies";de;,
7205-navy-new light grey-S;0;"Jacken;Outdoor;woman;jackets;Frauen;Damen;ladies";de;,
7548-steel grey-4XL;0;"Jacken;Outdoor;Men;jackets;mann;männer";de;,
7548-steel grey-XXXL;0;"Jacken;Outdoor;Men;jackets;mann;männer";de;,
7548-steel grey-XXL;0;"Jacken;Outdoor;Men;jackets;mann;männer";de;,
7548-steel grey-XL;0;"Jacken;Outdoor;Men;jackets;mann;männer";de;,
7548-steel grey-S;0;"Jacken;Outdoor;Men;jackets;mann;männer";de;,
7548-steel grey-M;0;"Jacken;Outdoor;Men;jackets;mann;männer";de;,
7548-steel grey-L;0;"Jacken;Outdoor;Men;jackets;mann;männer";de;,
7548-steel grey-5XL;0;"Jacken;Outdoor;Men;jackets;mann;männer";de;,
7549-steel grey-L;0;"Jacken;Outdoor;woman;jackets;Frauen;Damen;ladies";de;,
7549-steel grey-XXXL;0;"Jacken;Outdoor;woman;jackets;Frauen;Damen;ladies";de;,
7549-steel grey-XXL;0;"Jacken;Outdoor;woman;jackets;Frauen;Damen;ladies";de;,
7549-steel grey-XL;0;"Jacken;Outdoor;woman;jackets;Frauen;Damen;ladies";de;,
7549-steel grey-S;0;"Jacken;Outdoor;woman;jackets;Frauen;Damen;ladies";de;,
7549-steel grey-M;0;"Jacken;Outdoor;woman;jackets;Frauen;Damen;ladies";de;,
7621-steel grey-XXXL;0;"Jacken;Outdoor;Men;jackets;mann;männer";de;,
7621-steel grey-S;0;"Jacken;Outdoor;Men;jackets;mann;männer";de;,
7621-steel grey-5XL;0;"Jacken;Outdoor;Men;jackets;mann;männer";de;,
7621-steel grey-XXL;0;"Jacken;Outdoor;Men;jackets;mann;männer";de;,
7622-steel grey-L;0;"Jacken;Outdoor;Men;jackets;mann;männer";de;,
7622-steel grey-XXXL;0;"Jacken;Outdoor;Men;jackets;mann;männer";de;,
7622-steel grey-S;0;"Jacken;Outdoor;Men;jackets;mann;männer";de;,
7622-steel grey-M;0;"Jacken;Outdoor;Men;jackets;mann;männer";de;,
7622-steel grey-XXL;0;"Jacken;Outdoor;Men;jackets;mann;männer";de;,
7622-steel grey-XL;0;"Jacken;Outdoor;Men;jackets;mann;männer";de;,
7631-navy-XXL;0;"Jacken;Outdoor;Men;jackets;mann;männer";de;,
7631-french navy-5XL;0;"Jacken;Outdoor;Men;jackets;mann;männer";de;,
7631-french navy-L;0;"Jacken;Outdoor;Men;jackets;mann;männer";de;,
7631-french navy-S;0;"Jacken;Outdoor;Men;jackets;mann;männer";de;,
7631-french navy-XXL;0;"Jacken;Outdoor;Men;jackets;mann;männer";de;,
7631-french navy-XXXL;0;"Jacken;Outdoor;Men;jackets;mann;männer";de;,
7631-navy-4XL;0;"Jacken;Outdoor;Men;jackets;mann;männer";de;,
7631-navy-5XL;0;"Jacken;Outdoor;Men;jackets;mann;männer";de;,
7631-navy-L;0;"Jacken;Outdoor;Men;jackets;mann;männer";de;,
7631-navy-M;0;"Jacken;Outdoor;Men;jackets;mann;männer";de;,
7631-french navy-4XL;0;"Jacken;Outdoor;Men;jackets;mann;männer";de;,
7631-navy-XL;0;"Jacken;Outdoor;Men;jackets;mann;männer";de;,
7631-french navy-M;0;"Jacken;Outdoor;Men;jackets;mann;männer";de;,
7631-navy-XXXL;0;"Jacken;Outdoor;Men;jackets;mann;männer";de;,
7631-new light grey-4XL;0;"Jacken;Outdoor;Men;jackets;mann;männer";de;,
7631-new light grey-5XL;0;"Jacken;Outdoor;Men;jackets;mann;männer";de;,
7631-new light grey-L;0;"Jacken;Outdoor;Men;jackets;mann;männer";de;,
7631-new light grey-M;0;"Jacken;Outdoor;Men;jackets;mann;männer";de;,
7631-new light grey-S;0;"Jacken;Outdoor;Men;jackets;mann;männer";de;,
7631-new light grey-XL;0;"Jacken;Outdoor;Men;jackets;mann;männer";de;,
7631-new light grey-XXL;0;"Jacken;Outdoor;Men;jackets;mann;männer";de;,
7631-new light grey-XXXL;0;"Jacken;Outdoor;Men;jackets;mann;männer";de;,
7631-navy-S;0;"Jacken;Outdoor;Men;jackets;mann;männer";de;,
7631-black-L;0;"Jacken;Outdoor;Men;jackets;mann;männer";de;,
7631-french navy-XL;0;"Jacken;Outdoor;Men;jackets;mann;männer";de;,
7631-black-5XL;0;"Jacken;Outdoor;Men;jackets;mann;männer";de;,
7631-charcoal-XXXL;0;"Jacken;Outdoor;Men;jackets;mann;männer";de;,
7631-black-M;0;"Jacken;Outdoor;Men;jackets;mann;männer";de;,
7631-black-S;0;"Jacken;Outdoor;Men;jackets;mann;männer";de;,
7631-black-XL;0;"Jacken;Outdoor;Men;jackets;mann;männer";de;,
7631-black-XXL;0;"Jacken;Outdoor;Men;jackets;mann;männer";de;,
7631-black-XXXL;0;"Jacken;Outdoor;Men;jackets;mann;männer";de;,
7631-charcoal-XL;0;"Jacken;Outdoor;Men;jackets;mann;männer";de;,
7631-black-4XL;0;"Jacken;Outdoor;Men;jackets;mann;männer";de;,
7631-charcoal-4XL;0;"Jacken;Outdoor;Men;jackets;mann;männer";de;,
7631-charcoal-XXL;0;"Jacken;Outdoor;Men;jackets;mann;männer";de;,
7631-charcoal-S;0;"Jacken;Outdoor;Men;jackets;mann;männer";de;,
7631-charcoal-M;0;"Jacken;Outdoor;Men;jackets;mann;männer";de;,
7631-charcoal-L;0;"Jacken;Outdoor;Men;jackets;mann;männer";de;,
7631-charcoal-5XL;0;"Jacken;Outdoor;Men;jackets;mann;männer";de;,
7632-charcoal-XXXL;0;"Jacken;Outdoor;Men;jackets;mann;männer";de;,
7632-french navy-L;0;"Jacken;Outdoor;Men;jackets;mann;männer";de;,
7632-navy-XL;0;"Jacken;Outdoor;Men;jackets;mann;männer";de;,
7632-french navy-XXXL;0;"Jacken;Outdoor;Men;jackets;mann;männer";de;,
7632-french navy-S;0;"Jacken;Outdoor;Men;jackets;mann;männer";de;,
7632-french navy-XL;0;"Jacken;Outdoor;Men;jackets;mann;männer";de;,
7632-french navy-XXL;0;"Jacken;Outdoor;Men;jackets;mann;männer";de;,
7632-french navy-M;0;"Jacken;Outdoor;Men;jackets;mann;männer";de;,
7632-navy-L;0;"Jacken;Outdoor;Men;jackets;mann;männer";de;,
7632-new light grey-S;0;"Jacken;Outdoor;Men;jackets;mann;männer";de;,
7632-navy-XXL;0;"Jacken;Outdoor;Men;jackets;mann;männer";de;,
7632-navy-S;0;"Jacken;Outdoor;Men;jackets;mann;männer";de;,
7632-navy-M;0;"Jacken;Outdoor;Men;jackets;mann;männer";de;,
7632-navy-XXXL;0;"Jacken;Outdoor;Men;jackets;mann;männer";de;,
7632-charcoal-XXL;0;"Jacken;Outdoor;Men;jackets;mann;männer";de;,
7632-new light grey-L;0;"Jacken;Outdoor;Men;jackets;mann;männer";de;,
7632-black-L;0;"Jacken;Outdoor;Men;jackets;mann;männer";de;,
7632-charcoal-XL;0;"Jacken;Outdoor;Men;jackets;mann;männer";de;,
7632-new light grey-XXXL;0;"Jacken;Outdoor;Men;jackets;mann;männer";de;,
7632-new light grey-XXL;0;"Jacken;Outdoor;Men;jackets;mann;männer";de;,
7632-new light grey-M;0;"Jacken;Outdoor;Men;jackets;mann;männer";de;,
7632-black-M;0;"Jacken;Outdoor;Men;jackets;mann;männer";de;,
7632-black-S;0;"Jacken;Outdoor;Men;jackets;mann;männer";de;,
7632-black-XL;0;"Jacken;Outdoor;Men;jackets;mann;männer";de;,
7632-black-XXL;0;"Jacken;Outdoor;Men;jackets;mann;männer";de;,
7632-black-XXXL;0;"Jacken;Outdoor;Men;jackets;mann;männer";de;,
7632-charcoal-L;0;"Jacken;Outdoor;Men;jackets;mann;männer";de;,
7632-charcoal-M;0;"Jacken;Outdoor;Men;jackets;mann;männer";de;,
7632-charcoal-S;0;"Jacken;Outdoor;Men;jackets;mann;männer";de;,
7632-new light grey-XL;0;"Jacken;Outdoor;Men;jackets;mann;männer";de;,
7634-steel grey-5XL;0;"Jacken;Outdoor;Men;jackets;mann;männer";de;,
7634-steel grey-L;0;"Jacken;Outdoor;Men;jackets;mann;männer";de;,
7634-steel grey-XXXL;0;"Jacken;Outdoor;Men;jackets;mann;männer";de;,
7634-steel grey-XXL;0;"Jacken;Outdoor;Men;jackets;mann;männer";de;,
7634-steel grey-XL;0;"Jacken;Outdoor;Men;jackets;mann;männer";de;,
7634-steel grey-S;0;"Jacken;Outdoor;Men;jackets;mann;männer";de;,
7634-steel grey-M;0;"Jacken;Outdoor;Men;jackets;mann;männer";de;,
7634-steel grey-4XL;0;"Jacken;Outdoor;Men;jackets;mann;männer";de;,
7635-steel grey-XL;0;"Jacken;Outdoor;Men;jackets;mann;männer";de;,
7635-steel grey-XXL;0;"Jacken;Outdoor;Men;jackets;mann;männer";de;,
7635-steel grey-S;0;"Jacken;Outdoor;Men;jackets;mann;männer";de;,
7635-steel grey-M;0;"Jacken;Outdoor;Men;jackets;mann;männer";de;,
7635-steel grey-L;0;"Jacken;Outdoor;Men;jackets;mann;männer";de;,
7635-steel grey-XXXL;0;"Jacken;Outdoor;Men;jackets;mann;männer";de;,
7820-steel grey-XXXL;0;"Jacken;Outdoor;Men;jackets;mann;männer";de;,
7820-steel grey-4XL;0;"Jacken;Outdoor;Men;jackets;mann;männer";de;,
7820-steel grey-5XL;0;"Jacken;Outdoor;Men;jackets;mann;männer";de;,
7820-steel grey-L;0;"Jacken;Outdoor;Men;jackets;mann;männer";de;,
7820-steel grey-M;0;"Jacken;Outdoor;Men;jackets;mann;männer";de;,
7820-steel grey-S;0;"Jacken;Outdoor;Men;jackets;mann;männer";de;,
7820-steel grey-XL;0;"Jacken;Outdoor;Men;jackets;mann;männer";de;,
7820-steel grey-XXL;0;"Jacken;Outdoor;Men;jackets;mann;männer";de;,
7821-steel grey-XXL;0;"Jacken;Outdoor;Men;jackets;mann;männer";de;,
7821-steel grey-S;0;"Jacken;Outdoor;Men;jackets;mann;männer";de;,
7821-steel grey-XL;0;"Jacken;Outdoor;Men;jackets;mann;männer";de;,
7821-steel grey-M;0;"Jacken;Outdoor;Men;jackets;mann;männer";de;,
7821-steel grey-XXXL;0;"Jacken;Outdoor;Men;jackets;mann;männer";de;,
7821-steel grey-L;0;"Jacken;Outdoor;Men;jackets;mann;männer";de;,
7830-steel grey-M;0;"Jacken;Outdoor;Men;jackets;mann;männer;hooded;hoodies";de;,
7830-steel grey-XXXL;0;"Jacken;Outdoor;Men;jackets;mann;männer;hooded;hoodies";de;,
7830-steel grey-XXL;0;"Jacken;Outdoor;Men;jackets;mann;männer;hooded;hoodies";de;,
7830-steel grey-S;0;"Jacken;Outdoor;Men;jackets;mann;männer;hooded;hoodies";de;,
7830-steel grey-L;0;"Jacken;Outdoor;Men;jackets;mann;männer;hooded;hoodies";de;,
7830-steel grey-5XL;0;"Jacken;Outdoor;Men;jackets;mann;männer;hooded;hoodies";de;,
7830-steel grey-4XL;0;"Jacken;Outdoor;Men;jackets;mann;männer;hooded;hoodies";de;,
7830-steel grey-XL;0;"Jacken;Outdoor;Men;jackets;mann;männer;hooded;hoodies";de;,
7835-steel grey-L;0;"Jacken;Outdoor;Men;jackets;mann;männer;hooded;hoodies";de;,
7835-steel grey-M;0;"Jacken;Outdoor;Men;jackets;mann;männer;hooded;hoodies";de;,
7835-steel grey-S;0;"Jacken;Outdoor;Men;jackets;mann;männer;hooded;hoodies";de;,
7835-steel grey-XL;0;"Jacken;Outdoor;Men;jackets;mann;männer;hooded;hoodies";de;,
7835-steel grey-XXL;0;"Jacken;Outdoor;Men;jackets;mann;männer;hooded;hoodies";de;,
7835-steel grey-XXXL;0;"Jacken;Outdoor;Men;jackets;mann;männer;hooded;hoodies";de;,
7840-steel grey-M;0;"Jacken;Outdoor;Men;jackets;mann;männer;hooded;hoodies";de;,
7840-steel grey-S;0;"Jacken;Outdoor;Men;jackets;mann;männer;hooded;hoodies";de;,
7840-steel grey-L;0;"Jacken;Outdoor;Men;jackets;mann;männer;hooded;hoodies";de;,
7840-steel grey-XXL;0;"Jacken;Outdoor;Men;jackets;mann;männer;hooded;hoodies";de;,
7840-steel grey-XXXL;0;"Jacken;Outdoor;Men;jackets;mann;männer;hooded;hoodies";de;,
7840-steel grey-4XL;0;"Jacken;Outdoor;Men;jackets;mann;männer;hooded;hoodies";de;,
7840-steel grey-XL;0;"Jacken;Outdoor;Men;jackets;mann;männer;hooded;hoodies";de;,
7840-steel grey-5XL;0;"Jacken;Outdoor;Men;jackets;mann;männer;hooded;hoodies";de;,
7845-steel grey-XXXL;0;"Jacken;Outdoor;Men;jackets;mann;männer;hooded;hoodies";de;,
7845-steel grey-L;0;"Jacken;Outdoor;Men;jackets;mann;männer;hooded;hoodies";de;,
7845-steel grey-M;0;"Jacken;Outdoor;Men;jackets;mann;männer;hooded;hoodies";de;,
7845-steel grey-S;0;"Jacken;Outdoor;Men;jackets;mann;männer;hooded;hoodies";de;,
7845-steel grey-XL;0;"Jacken;Outdoor;Men;jackets;mann;männer;hooded;hoodies";de;,
7845-steel grey-XXL;0;"Jacken;Outdoor;Men;jackets;mann;männer;hooded;hoodies";de;,
7850-steel grey-XXL;0;"Jacken;Outdoor;Men;jackets;mann;männer;hooded;hoodies";de;,
7850-steel grey-M;0;"Jacken;Outdoor;Men;jackets;mann;männer;hooded;hoodies";de;,
7850-steel grey-L;0;"Jacken;Outdoor;Men;jackets;mann;männer;hooded;hoodies";de;,
7850-steel grey-4XL;0;"Jacken;Outdoor;Men;jackets;mann;männer;hooded;hoodies";de;,
7850-steel grey-XL;0;"Jacken;Outdoor;Men;jackets;mann;männer;hooded;hoodies";de;,
7850-steel grey-XXXL;0;"Jacken;Outdoor;Men;jackets;mann;männer;hooded;hoodies";de;,
7850-steel grey-S;0;"Jacken;Outdoor;Men;jackets;mann;männer;hooded;hoodies";de;,
7850-steel grey-5XL;0;"Jacken;Outdoor;Men;jackets;mann;männer;hooded;hoodies";de;,
7855-steel grey-L;0;"Jacken;Outdoor;Men;jackets;mann;männer;hooded;hoodies";de;,
7855-steel grey-M;0;"Jacken;Outdoor;Men;jackets;mann;männer;hooded;hoodies";de;,
7855-steel grey-S;0;"Jacken;Outdoor;Men;jackets;mann;männer;hooded;hoodies";de;,
7855-steel grey-XL;0;"Jacken;Outdoor;Men;jackets;mann;männer;hooded;hoodies";de;,
7855-steel grey-XXL;0;"Jacken;Outdoor;Men;jackets;mann;männer;hooded;hoodies";de;,
7855-steel grey-XXXL;0;"Jacken;Outdoor;Men;jackets;mann;männer;hooded;hoodies";de;,
7860-steel grey-M;0;"Jacken;Outdoor;Softshell;Men;jackets;mann;männer;winter;warm;Kapuze";de;,
7860-steel grey-XXL;0;"Jacken;Outdoor;Softshell;Men;jackets;mann;männer;winter;warm;Kapuze";de;,
7860-steel grey-XXXL;0;"Jacken;Outdoor;Softshell;Men;jackets;mann;männer;winter;warm;Kapuze";de;,
7860-steel grey-S;0;"Jacken;Outdoor;Softshell;Men;jackets;mann;männer;winter;warm;Kapuze";de;,
7860-steel grey-XL;0;"Jacken;Outdoor;Softshell;Men;jackets;mann;männer;winter;warm;Kapuze";de;,
7860-steel grey-5XL;0;"Jacken;Outdoor;Softshell;Men;jackets;mann;männer;winter;warm;Kapuze";de;,
7860-steel grey-4XL;0;"Jacken;Outdoor;Softshell;Men;jackets;mann;männer;winter;warm;Kapuze";de;,
7860-steel grey-L;0;"Jacken;Outdoor;Softshell;Men;jackets;mann;männer;winter;warm;Kapuze";de;,
7865-steel grey-L;0;"Jacken;Outdoor;Softshell;Frauen;Jacke;jackets;Frau;Damen;winter;warm;Kapuze";de;,
7865-steel grey-M;0;"Jacken;Outdoor;Softshell;Frauen;Jacke;jackets;Frau;Damen;winter;warm;Kapuze";de;,
7865-steel grey-S;0;"Jacken;Outdoor;Softshell;Frauen;Jacke;jackets;Frau;Damen;winter;warm;Kapuze";de;,
7865-steel grey-XL;0;"Jacken;Outdoor;Softshell;Frauen;Jacke;jackets;Frau;Damen;winter;warm;Kapuze";de;,
7865-steel grey-XXL;0;"Jacken;Outdoor;Softshell;Frauen;Jacke;jackets;Frau;Damen;winter;warm;Kapuze";de;,
7865-steel grey-XXXL;0;"Jacken;Outdoor;Softshell;Frauen;Jacke;jackets;Frau;Damen;winter;warm;Kapuze";de;,
7910-steel grey-M;0;"microfleece;jacken;jackets";de;,
7910-steel grey-L;0;"microfleece;jacken;jackets";de;,
7910-steel grey-XL;0;"microfleece;jacken;jackets";de;,
7910-steel grey-XXL;0;"microfleece;jacken;jackets";de;,
7910-steel grey-XXXL;0;"microfleece;jacken;jackets";de;,
7910-steel grey-S;0;"microfleece;jacken;jackets";de;,
7910-steel grey-4XL;0;"microfleece;jacken;jackets";de;,
7910-steel grey-5XL;0;"microfleece;jacken;jackets";de;,
7911-steel grey-M;0;"microfleece;jacken;jackets";de;,
7911-steel grey-L;0;"microfleece;jacken;jackets";de;,
7911-steel grey-S;0;"microfleece;jacken;jackets";de;,
7911-steel grey-XXL;0;"microfleece;jacken;jackets";de;,
7911-steel grey-XL;0;"microfleece;jacken;jackets";de;,
7911-steel grey-XXXL;0;"microfleece;jacken;jackets";de;,
7921-steel grey-XXXL;0;"Sweatshirt;Sweater;Männer;Mann;Troyer;recycelt;Flecce;Reissverschluss;RV;Zip";de;,
7921-steel grey-XXL;0;"Sweatshirt;Sweater;Männer;Mann;Troyer;recycelt;Flecce;Reissverschluss;RV;Zip";de;,
7921-steel grey-XL;0;"Sweatshirt;Sweater;Männer;Mann;Troyer;recycelt;Flecce;Reissverschluss;RV;Zip";de;,
7921-steel grey-4XL;0;"Sweatshirt;Sweater;Männer;Mann;Troyer;recycelt;Flecce;Reissverschluss;RV;Zip";de;,
7921-steel grey-5XL;0;"Sweatshirt;Sweater;Männer;Mann;Troyer;recycelt;Flecce;Reissverschluss;RV;Zip";de;,
7921-steel grey-L;0;"Sweatshirt;Sweater;Männer;Mann;Troyer;recycelt;Flecce;Reissverschluss;RV;Zip";de;,
7921-steel grey-M;0;"Sweatshirt;Sweater;Männer;Mann;Troyer;recycelt;Flecce;Reissverschluss;RV;Zip";de;,
7921-steel grey-S;0;"Sweatshirt;Sweater;Männer;Mann;Troyer;recycelt;Flecce;Reissverschluss;RV;Zip";de;,
7925-steel grey-M;0;"Sweatshirt;Sweater;Frau;Frauen;Damen;Troyer;recycelt;Flecce;Reissverschluss;RV";de;,
7925-steel grey-XXXL;0;"Sweatshirt;Sweater;Frau;Frauen;Damen;Troyer;recycelt;Flecce;Reissverschluss;RV";de;,
7925-steel grey-XXL;0;"Sweatshirt;Sweater;Frau;Frauen;Damen;Troyer;recycelt;Flecce;Reissverschluss;RV";de;,
7925-steel grey-S;0;"Sweatshirt;Sweater;Frau;Frauen;Damen;Troyer;recycelt;Flecce;Reissverschluss;RV";de;,
7925-steel grey-L;0;"Sweatshirt;Sweater;Frau;Frauen;Damen;Troyer;recycelt;Flecce;Reissverschluss;RV";de;,
7925-steel grey-XL;0;"Sweatshirt;Sweater;Frau;Frauen;Damen;Troyer;recycelt;Flecce;Reissverschluss;RV";de;,
7961-white-new light grey-XXL;0;"microfleece;jacken;jackets";de;,
7961-royal-steel grey-5XL;0;"microfleece;jacken;jackets";de;,
7961-royal-steel grey-L;0;"microfleece;jacken;jackets";de;,
7961-royal-steel grey-M;0;"microfleece;jacken;jackets";de;,
7961-royal-steel grey-S;0;"microfleece;jacken;jackets";de;,
7961-royal-steel grey-XL;0;"microfleece;jacken;jackets";de;,
7961-royal-steel grey-XXL;0;"microfleece;jacken;jackets";de;,
7961-royal-steel grey-XXXL;0;"microfleece;jacken;jackets";de;,
7961-steel grey-4XL;0;"microfleece;jacken;jackets";de;,
7961-steel grey-5XL;0;"microfleece;jacken;jackets";de;,
7961-steel grey-M;0;"microfleece;jacken;jackets";de;,
7961-royal-steel grey-4XL;0;"microfleece;jacken;jackets";de;,
7961-steel grey-XL;0;"microfleece;jacken;jackets";de;,
7961-steel grey-XXL;0;"microfleece;jacken;jackets";de;,
7961-white-new light grey-4XL;0;"microfleece;jacken;jackets";de;,
7961-white-new light grey-5XL;0;"microfleece;jacken;jackets";de;,
7961-white-new light grey-L;0;"microfleece;jacken;jackets";de;,
7961-white-new light grey-M;0;"microfleece;jacken;jackets";de;,
7961-steel grey-XXXL;0;"microfleece;jacken;jackets";de;,
7961-white-new light grey-S;0;"microfleece;jacken;jackets";de;,
7961-steel grey-L;0;"microfleece;jacken;jackets";de;,
7961-white-new light grey-XL;0;"microfleece;jacken;jackets";de;,
7961-white-new light grey-XXXL;0;"microfleece;jacken;jackets";de;,
7961-charcoal-grey-S;0;"microfleece;jacken;jackets";de;,
7961-navy-navy-XXXL;0;"microfleece;jacken;jackets";de;,
7961-charcoal-grey-5XL;0;"microfleece;jacken;jackets";de;,
7961-steel grey-S;0;"microfleece;jacken;jackets";de;,
7961-charcoal-grey-M;0;"microfleece;jacken;jackets";de;,
7961-charcoal-grey-4XL;0;"microfleece;jacken;jackets";de;,
7961-charcoal-grey-XL;0;"microfleece;jacken;jackets";de;,
7961-charcoal-grey-XXL;0;"microfleece;jacken;jackets";de;,
7961-navy-navy-4XL;0;"microfleece;jacken;jackets";de;,
7961-navy-navy-5XL;0;"microfleece;jacken;jackets";de;,
7961-navy-navy-L;0;"microfleece;jacken;jackets";de;,
7961-navy-navy-M;0;"microfleece;jacken;jackets";de;,
7961-navy-navy-S;0;"microfleece;jacken;jackets";de;,
7961-navy-navy-XL;0;"microfleece;jacken;jackets";de;,
7961-charcoal-grey-XXXL;0;"microfleece;jacken;jackets";de;,
7961-charcoal-grey-L;0;"microfleece;jacken;jackets";de;,
7961-navy-navy-XXL;0;"microfleece;jacken;jackets";de;,
7965-royal-steel grey-S;0;"microfleece;jacken;jackets";de;,
7965-steel grey-XL;0;"microfleece;jacken;jackets";de;,
7965-steel grey-M;0;"microfleece;jacken;jackets";de;,
7965-steel grey-L;0;"microfleece;jacken;jackets";de;,
7965-royal-steel grey-XXXL;0;"microfleece;jacken;jackets";de;,
7965-royal-steel grey-XL;0;"microfleece;jacken;jackets";de;,
7965-royal-steel grey-XXL;0;"microfleece;jacken;jackets";de;,
7965-steel grey-XXXL;0;"microfleece;jacken;jackets";de;,
7965-white-new light grey-L;0;"microfleece;jacken;jackets";de;,
7965-white-new light grey-M;0;"microfleece;jacken;jackets";de;,
7965-white-new light grey-S;0;"microfleece;jacken;jackets";de;,
7965-white-new light grey-XL;0;"microfleece;jacken;jackets";de;,
7965-royal-steel grey-M;0;"microfleece;jacken;jackets";de;,
7965-white-new light grey-XXXL;0;"microfleece;jacken;jackets";de;,
7965-steel grey-S;0;"microfleece;jacken;jackets";de;,
7965-white-new light grey-XXL;0;"microfleece;jacken;jackets";de;,
7965-charcoal-grey-S;0;"microfleece;jacken;jackets";de;,
7965-steel grey-XXL;0;"microfleece;jacken;jackets";de;,
7965-royal-steel grey-L;0;"microfleece;jacken;jackets";de;,
7965-charcoal-grey-XL;0;"microfleece;jacken;jackets";de;,
7965-charcoal-grey-M;0;"microfleece;jacken;jackets";de;,
7965-charcoal-grey-L;0;"microfleece;jacken;jackets";de;,
7965-charcoal-grey-XXL;0;"microfleece;jacken;jackets";de;,
7965-navy-navy-L;0;"microfleece;jacken;jackets";de;,
7965-navy-navy-M;0;"microfleece;jacken;jackets";de;,
7965-navy-navy-S;0;"microfleece;jacken;jackets";de;,
7965-navy-navy-XXXL;0;"microfleece;jacken;jackets";de;,
7965-navy-navy-XL;0;"microfleece;jacken;jackets";de;,
7965-navy-navy-XXL;0;"microfleece;jacken;jackets";de;,
7965-charcoal-grey-XXXL;0;"microfleece;jacken;jackets";de;,
7971-turquoise-light grey-5XL;0;"microfleece;jacken;jackets";de;,
7971-navy light grey/5G-4XL;0;"microfleece;jacken;jackets";de;,
7971-navy light grey/5G-L;0;"microfleece;jacken;jackets";de;,
7971-navy light grey/5G-M;0;"microfleece;jacken;jackets";de;,
7971-navy light grey/5G-S;0;"microfleece;jacken;jackets";de;,
7971-navy light grey/5G-XL;0;"microfleece;jacken;jackets";de;,
7971-navy light grey/5G-XXL;0;"microfleece;jacken;jackets";de;,
7971-turquoise-light grey-L;0;"microfleece;jacken;jackets";de;,
7971-turquoise-light grey-4XL;0;"microfleece;jacken;jackets";de;,
7971-graphite-light grey-XXXL;0;"microfleece;jacken;jackets";de;,
7971-turquoise-light grey-M;0;"microfleece;jacken;jackets";de;,
7971-navy light grey/5G-XXXL;0;"microfleece;jacken;jackets";de;,
7971-turquoise-light grey-XXL;0;"microfleece;jacken;jackets";de;,
7971-navy light grey/5G-5XL;0;"microfleece;jacken;jackets";de;,
7971-graphite-light grey-XXL;0;"microfleece;jacken;jackets";de;,
7971-turquoise-light grey-XL;0;"microfleece;jacken;jackets";de;,
7971-turquoise-light grey-XXXL;0;"microfleece;jacken;jackets";de;,
7971-graphite-light grey-4XL;0;"microfleece;jacken;jackets";de;,
7971-graphite-light grey-5XL;0;"microfleece;jacken;jackets";de;,
7971-graphite-light grey-L;0;"microfleece;jacken;jackets";de;,
7971-graphite-light grey-M;0;"microfleece;jacken;jackets";de;,
7971-graphite-light grey-S;0;"microfleece;jacken;jackets";de;,
7971-graphite-light grey-XL;0;"microfleece;jacken;jackets";de;,
7971-turquoise-light grey-S;0;"microfleece;jacken;jackets";de;,
7985-graphite-light grey-L;0;"microfleece;jacken;jackets";de;,
7985-turquoise-light grey-L;0;"microfleece;jacken;jackets";de;,
7985-turquoise-light grey-XXL;0;"microfleece;jacken;jackets";de;,
7985-turquoise-light grey-XS;0;"microfleece;jacken;jackets";de;,
7985-turquoise-light grey-XL;0;"microfleece;jacken;jackets";de;,
7985-turquoise-light grey-S;0;"microfleece;jacken;jackets";de;,
7985-turquoise-light grey-M;0;"microfleece;jacken;jackets";de;,
7985-graphite-light grey-XXXL;0;"microfleece;jacken;jackets";de;,
7985-graphite-light grey-XXL;0;"microfleece;jacken;jackets";de;,
7985-graphite-light grey-XS;0;"microfleece;jacken;jackets";de;,
7985-graphite-light grey-XL;0;"microfleece;jacken;jackets";de;,
7985-graphite-light grey-M;0;"microfleece;jacken;jackets";de;,
7985-turquoise-light grey-XXXL;0;"microfleece;jacken;jackets";de;,
7985-graphite-light grey-S;0;"microfleece;jacken;jackets";de;,
